Comparison,DTW Distance
Decade 1 vs Decade 2,0.4424251480400714
Decade 2 vs Decade 3,0.9489171992635317
Decade 1 vs Decade 3,1.2563849835468741
